Borough,Nighborhood
New Delhi,Chanakyapuri
New Delhi,Delhi Cantonment
New Delhi,Vasant Vihar
New Delhi,Alipur
New Delhi,Model Town
New Delhi,Narela
New Delhi,Rohini
New Delhi,Kanjhawala
New Delhi,Saraswati Vihar
New Delhi,Patel Nagar
New Delhi,Panjabi Bagh
New Delhi,Rajouri Garden
New Delhi,Dwarka
New Delhi,Najafgarh
New Delhi,Kapashera
New Delhi,Saket
New Delhi,Hauz Khas
New Delhi,Mehrauli
New Delhi,Defence Colony
New Delhi,Kalkaji
New Delhi,Sarita Vihar
New Delhi,Kotwali
New Delhi,Civil Lines
New Delhi,Karol Bagh
New Delhi,Seelampur
New Delhi,Yamuna Vihar
New Delhi,Karawal Nagar
New Delhi,Shahdara
New Delhi,Seemapuri
New Delhi,Vivek Vihar
New Delhi,Gandhi Nagar
New Delhi,Preet Vihar
New Delhi,Mayur Vihar
