District,Nighborhood
New Delhi,Chanakyapuri
New Delhi,Delhi Cantonment
New Delhi,Vasant Vihar
North delhi,Alipur
North delhi,Model Town
North delhi,Narela
North West Delhi,Rohoni
North West Delhi,Kanjhawala
North West Delhi,Saraswati Vihar
West Delhi,Patel Nagar
West Delhi,Panjabi Bagh
West Delhi,Rajouri Garden
South West Delhi,Dwarka
South West Delhi,Najafgarh
South West Delhi,Kapashera
South Delhi,Saket
South Delhi,Hauz Khas
South Delhi,Mehrauli
South East Delhi,Defence Colony
South East Delhi,Kalkaji
South East Delhi,Sarita Vihar
Central Delhi,Kotwali
Central Delhi,Civil Lines
Central Delhi,Karol Bagh
North East Delhi,Seelampur
North East Delhi,Yamuna Vihar
North East Delhi,Karawal Nagar
Shahdara,Shahdara
Shahdara,Seemapuri
Shahdara,Vivek Vihar
East Delhi,Gandhi Nagar
East Delhi,Preet Vihar
East Delhi,Mayur Vihar
